categoria,subcategoria,nombre,precio,url,tienda
Arcillas,Arcillas alta temperatura,ART 13 atomizado gres colada,12.25,https://kadarceramica.com/producto/art-13-atomizado-gres-colada/,Kadar
Arcillas,Arcillas alta temperatura,Gres CH,9.25,https://kadarceramica.com/producto/gres-ch/,Kadar
Arcillas,Arcillas alta temperatura,Gres CT,9.25,https://kadarceramica.com/producto/gres-ct/,Kadar
Arcillas,Arcillas alta temperatura,Gres de papel PCLI,12.77,https://kadarceramica.com/producto/2429/,Kadar
Arcillas,Arcillas alta temperatura,Gres Zumaia chamota fina,14.05,https://kadarceramica.com/producto/gres-zumaia-chamota-fina/,Kadar
Arcillas,Peras y boquillas,PGV Gres culinario media temperatura,11.1,https://kadarceramica.com/producto/pgv-gres-culinario-media-temperatura/,Kadar
Arcillas,Arcillas alta temperatura,Porcelana azul (Upsala),14.69,https://kadarceramica.com/producto/porcelana-azul-upsala/,Kadar
Arcillas,Arcillas alta temperatura,Porcelana Cellulain (con papel),13.79,https://kadarceramica.com/producto/porcelana-cellulain-papel/,Kadar
Arcillas,Arcillas alta temperatura,Porcelana en polvo para colada SA ATM,34.2,https://kadarceramica.com/producto/porcelana-polvo-colada-03c-at/,Kadar
Arcillas,Arcillas alta temperatura,Porcelana negra/ Black Ice,13.26,https://kadarceramica.com/producto/porcelana-negra-black-ice/,Kadar
Arcillas,Arcillas alta temperatura,Porcelana pasta PT010B,11.75,https://kadarceramica.com/producto/porcelana-pasta-pt010b/,Kadar
Arcillas,Arcillas alta temperatura,Porcelana pasta SAF,9.03,https://kadarceramica.com/producto/porcelana-pasta-saf/,Kadar
Arcillas,Arcillas alta temperatura,Refractaria albina chamota fina PRAF,11.75,https://kadarceramica.com/producto/refractaria-albina-chamota-fina/,Kadar
Arcillas,Arcillas alta temperatura,Refractaria Albina chamota impalpable PRAI,11.75,https://kadarceramica.com/producto/refractaria-albina-chamota-impalpable/,Kadar
Arcillas,Arcillas alta temperatura,Refractaria albina chamota media,11.75,https://kadarceramica.com/producto/refractaria-albina-chamota-media-2/,Kadar
Arcillas,Arcillas alta temperatura,Refractaria lila chamota fina PRLF,11.12,https://kadarceramica.com/producto/refractaria-lila-chamota-fina-prlf/,Kadar
Arcillas,Arcillas alta temperatura,Refractaria lila chamota media PRLM,11.12,https://kadarceramica.com/producto/refractaria-lila-chamota-media-prlm/,Kadar
Arcillas,Arcillas alta temperatura,Refractaria marrón dorado chamota fina PRGF,11.37,https://kadarceramica.com/producto/refractaria-gris-chamota-fina/,Kadar
Arcillas,Arcillas alta temperatura,Refractaria marrón dorado chamota media PRGM,11.37,https://kadarceramica.com/producto/refractaria-gris-chamota-media/,Kadar
Arcillas,Arcillas alta temperatura,Refractaria negra chamota fina PRNF,12.25,https://kadarceramica.com/producto/refractaria-negra-chamota-fina/,Kadar
Arcillas,Arcillas alta temperatura,Refractaria negra chamota impalpable PRNI,12.25,https://kadarceramica.com/producto/refractaria-negra-chamota-impalpable/,Kadar
Arcillas,Arcillas alta temperatura,Refractaria negra chamota media PRNM,12.25,https://kadarceramica.com/producto/refractaria-negra-chamota-media/,Kadar
Arcillas,Arcillas baja temperatura,Arcilla blanca M-5,7.38,https://kadarceramica.com/producto/arcilla-blanca/,Kadar
Arcillas,Peras y boquillas,Arcilla blanca PA baja temperatura,8.37,https://kadarceramica.com/producto/arcilla-blanca-pa/,Kadar
Arcillas,Arcillas baja temperatura,"Arcilla blanca PA chamota fina 0-0,5",9.93,https://kadarceramica.com/producto/arcilla-blanca-ch-0-05/,Kadar
Arcillas,Arcillas baja temperatura,Arcilla blanca polvo (Europa colage),27.95,https://kadarceramica.com/producto/arcilla-blanca-polvo-europa-colage/,Kadar
Arcillas,Arcillas baja temperatura,Arcilla negra manganeso,9.93,https://kadarceramica.com/producto/arcilla-negra-manganeso/,Kadar
Arcillas,Peras y boquillas,Arcilla roja «Apache» baja temperatura,10.19,https://kadarceramica.com/producto/arcilla-apache/,Kadar
Arcillas,Arcillas baja temperatura,Arcilla roja PF Chamota Fina,6.27,https://kadarceramica.com/producto/arcilla-roja-ch-f/,Kadar
Arcillas,Tornos,Arcilla roja Torno PF,5.0,https://kadarceramica.com/producto/arcilla-roja-torno-pf/,Kadar
Arcillas,Arcillas baja temperatura,Terracota PT,5.5,https://kadarceramica.com/producto/terracota-pt/,Kadar
tercer fuego,Azulejos,Azulejo blanco 11x11x0.5,0.33,https://kadarceramica.com/producto/azulejo-blanco-11x11x0-5/,Kadar
tercer fuego,Azulejos,Azulejo blanco 15x15x0.5,0.5,https://kadarceramica.com/producto/azulejo-blanco-15x15x0-5/,Kadar
tercer fuego,Azulejos,Azulejo blanco 15×7.5×0.6,0.31,https://kadarceramica.com/producto/1536/,Kadar
tercer fuego,Azulejos,Azulejo blanco 20x20x0.7,1.09,https://kadarceramica.com/producto/azulejo-blanco-20x20x0-7/,Kadar
tercer fuego,Azulejos,Azulejo blanco 20x30x0.7,1.98,https://kadarceramica.com/producto/azulejo-blanco-20x30x0-7/,Kadar
tercer fuego,Azulejos,Azulejo rojo 10x10x0.05,0.18,https://kadarceramica.com/producto/azulejo-rojo-10x10x0-5/,Kadar
tercer fuego,Azulejos,Azulejo rojo 15x15x0.6,0.76,https://kadarceramica.com/producto/azulejo-rojo-10x20x0-7/,Kadar
tercer fuego,Azulejos,Azulejo rojo 20x20x0.6,0.9,https://kadarceramica.com/producto/azulejo-rojo-20x20x0-6/,Kadar
tercer fuego,Azulejos,Azulejo rojo 20x30x0.7,1.85,https://kadarceramica.com/producto/azulejo-rojo-20x30x0-7/,Kadar
tercer fuego,Azulejos,Azulejo rojo 25x40x0.8,1.09,https://kadarceramica.com/producto/azulejo-rojo-25x40x0-8/,Kadar
tercer fuego,Azulejos,Azulejo rojo 30x30x0.1cm,0.5,https://kadarceramica.com/producto/azulejo-rojo-30x30x0-1cm/,Kadar
Herramientas,herramientas varias,Lengüeta para pegar calcas 6×3 cm,8.4,https://kadarceramica.com/producto/lengueta-pegar-calcas/,Kadar
Herramientas,herramientas varias,Lengüeta para pegar calcas 8.5×3 cm,10.6,https://kadarceramica.com/producto/lengueta-pegar-calcas-2/,Kadar
Lápices/Tizas cerámicas,Rotulador Cerámico,Rotulador cerámico azul en frio,6.38,https://kadarceramica.com/producto/rotulador-ceramico-azul-frio/,Kadar
Lápices/Tizas cerámicas,Rotulador Cerámico,Rotulador cerámico negro en frio,6.38,https://kadarceramica.com/producto/rotulador-ceramico-negro/,Kadar
Óxidos colorantes,Vitrificables,Vitrificable amarillo VP-3115,2.1,https://kadarceramica.com/producto/vitrificable-amarillo-vp-115/,Kadar
Óxidos colorantes,Vitrificables,Vitrificable azul claro VP-3127,1.7,https://kadarceramica.com/producto/vitrificable-azul-claro-vp-3127/,Kadar
Óxidos colorantes,Vitrificables,Vitrificable azul cobalto VP-3128/N,3.3,https://kadarceramica.com/producto/vitrificable-azul-cobalto-vp-3128/,Kadar
Óxidos colorantes,Vitrificables,Vitrificable azul medio VP-3126,2.25,https://kadarceramica.com/producto/vitrificable-azul-medio-vp-3126/,Kadar
Óxidos colorantes,Vitrificables,Vitrificable blanco VP-3156,1.75,https://kadarceramica.com/producto/vitrificable-blanco-vp-3156/,Kadar
Óxidos colorantes,Vitrificables,Vitrificable lila VP-3110,5.88,https://kadarceramica.com/producto/2437/,Kadar
Óxidos colorantes,Vitrificables,Vitrificable marrón oscuro VP- 3105,1.75,https://kadarceramica.com/producto/vitrificable-vp-3105/,Kadar
Óxidos colorantes,Vitrificables,vitrificable naranja VP-3121,1.98,https://kadarceramica.com/producto/vitrificable-naranja-vp-3121/,Kadar
Engobes,Peras y boquillas,Engobe blanco EASP-01 Alta Temperatura,4.24,https://kadarceramica.com/producto/engobe-blanco-easp-01/,Kadar
Engobes,Elementos protección,Engobe CC-01 blanco polvo,1.45,https://kadarceramica.com/producto/engobe-blanco-polvo-cc-01/,Kadar
Engobes,Elementos protección,Engobe CC-02 amarillo polvo,4.7,https://kadarceramica.com/producto/engobe-cc-02-amarillo-polvo/,Kadar
Engobes,Elementos protección,Engobe CC-03 Beige polvo,2.54,https://kadarceramica.com/producto/engobe-cc-03-beige-polvo/,Kadar
Engobes,Elementos protección,Engobe CC-04 naranja polvo,4.03,https://kadarceramica.com/producto/engobe-cc-04-naranja-polvo/,Kadar
Engobes,Elementos protección,Engobe CC-05 marrón polvo,4.38,https://kadarceramica.com/producto/engobe-cc-5-marron-polvo/,Kadar
Engobes,Elementos protección,Engobe CC-06 verde claro polvo,3.88,https://kadarceramica.com/producto/engobe-cc-06-verde-claro-polvo/,Kadar
Engobes,Elementos protección,Engobe CC-07 verde oscuro polvo,3.75,https://kadarceramica.com/producto/engobe-cc-07-verde-oscuro-polvo/,Kadar
Engobes,Elementos protección,Engobe CC-08 azul,4.66,https://kadarceramica.com/producto/engobe-cc-08-azul/,Kadar
Engobes,Elementos protección,Engobe CC-09 azul cobalto polvo,12.2,https://kadarceramica.com/producto/engobe-cc-09-azul-cobalto-polvo/,Kadar
Engobes,Elementos protección,Engobe CC-10 rosa polvo,4.66,https://kadarceramica.com/producto/engobe-cc-10-rosa-polvo/,Kadar
Engobes,Elementos protección,Engobe CC-11 negro polvo,5.98,https://kadarceramica.com/producto/engobe-cc-11-negro-polvo/,Kadar
Esmaltes,Peras y boquillas,Esmalte alta temperatura O-6048 transparente mate,3.4,https://kadarceramica.com/producto/esmalte-o-6048/,Kadar
Esmaltes,Esmaltes alta temperatura 1230-1280ºC,Esmalte EA 10218 opaco cristalizado,4.85,https://kadarceramica.com/producto/esmalte-ea-10218-opaco-cristalizado-coloreado/,Kadar
Esmaltes,Esmaltes alta temperatura 1230-1280ºC,Esmalte O-10111 ATª Marrón oscuro,1.6,https://kadarceramica.com/producto/esmalte-10111-ata/,Kadar
Esmaltes,Esmaltes alta temperatura 1230-1280ºC,Esmalte O-10112 ATª Azul cristalizado,1.6,https://kadarceramica.com/producto/esmalte-10112-ata/,Kadar
Esmaltes,Esmaltes alta temperatura 1230-1280ºC,Esmalte O-10123 ATª,3.13,https://kadarceramica.com/producto/esmalte-10123-ata/,Kadar
Esmaltes,Esmaltes alta temperatura 1230-1280ºC,Esmalte O-10151 ATª Blanco opaco brillo,7.01,https://kadarceramica.com/producto/esmalte-10151-ata/,Kadar
Esmaltes,Esmaltes alta temperatura 1230-1280ºC,Esmalte O-10257 ATª Verde jaspe,4.29,https://kadarceramica.com/producto/esmalte-10257-ata/,Kadar
Esmaltes,Esmaltes alta temperatura 1230-1280ºC,Esmalte O-301 transparente brillo A Tª,2.47,https://kadarceramica.com/producto/esmalte-o-301-transparente-brillo-a-ta/,Kadar
Esmaltes,Esmaltes alta temperatura 1230-1280ºC,Esmalte O-6001 ATª AZUL CLARO,3.68,https://kadarceramica.com/producto/esmalte-6001-ata/,Kadar
Esmaltes,Esmaltes alta temperatura 1230-1280ºC,Esmalte O-6002 ATª Anaranjado,3.36,https://kadarceramica.com/producto/esmalte-6002-ata/,Kadar
Esmaltes,Esmaltes alta temperatura 1230-1280ºC,Esmalte O-6004 ATª Azul,4.85,https://kadarceramica.com/producto/esmalte-6008-ata-2/,Kadar
Esmaltes,Esmaltes alta temperatura 1230-1280ºC,Esmalte O-6005 crema A Tª,2.68,https://kadarceramica.com/producto/esmalte-6001-crema-ta/,Kadar
Esmaltes,Esmaltes cuerda seca,Aceite fino secante cuerda seca,7.95,https://kadarceramica.com/producto/aceite-fino-secante-cuerda-seca/,Kadar
Esmaltes,Esmaltes cuerda seca,CS-200 Esmalte azul turquesa,4.53,https://kadarceramica.com/producto/1305/,Kadar
Esmaltes,Esmaltes cuerda seca,CS-201 esmalte carmín,7.86,https://kadarceramica.com/producto/1313/,Kadar
Esmaltes,Esmaltes cuerda seca,CS-202/5410 esmalte negro opaco brillo,4.35,https://kadarceramica.com/producto/1314/,Kadar
Esmaltes,Esmaltes cuerda seca,CS-207 Esmalte amarillo yema,5.97,https://kadarceramica.com/producto/esmalte-cs-207-amarillo/,Kadar
Esmaltes,Esmaltes cuerda seca,CS-210 esmalte rojo,10.09,https://kadarceramica.com/producto/esmalte-cs-210-rojo/,Kadar
Esmaltes,Esmaltes cuerda seca,Esmalte CS 203 amarillo limón,4.65,https://kadarceramica.com/producto/1349/,Kadar
Esmaltes,Esmaltes cuerda seca,Esmalte CS-204 lila,6.89,https://kadarceramica.com/producto/esmalte-cs-204-lila/,Kadar
Esmaltes,Esmaltes cuerda seca,Esmalte CS-205 coral,3.2,https://kadarceramica.com/producto/esmalte-cs-205-coral/,Kadar
Esmaltes,Esmaltes cuerda seca,Esmalte CS-206/N azul cobalto,4.95,https://kadarceramica.com/producto/esmalte-cs-206-cobalto/,Kadar
Esmaltes,Esmaltes cuerda seca,Esmalte CS-208 verde,4.55,https://kadarceramica.com/producto/esmalte-cs-208-verde/,Kadar
Esmaltes,Esmaltes cuerda seca,Esmalte CS-209 verde claro,5.12,https://kadarceramica.com/producto/esmalte-cs-209-verde-claro/,Kadar
Esmaltes,Esmaltes cuerda seca,Esmalte CS-211 naranja,8.56,https://kadarceramica.com/producto/esmalte-cs-211-naranja/,Kadar
Esmaltes,Esmaltes cuerda seca,Esmalte CS-212 marrón claro,4.35,https://kadarceramica.com/producto/esmalte-cs-212-marron-claro/,Kadar
Esmaltes,Esmaltes cuerda seca,Esmalte CS-213 marrón,4.28,https://kadarceramica.com/producto/esmalte-cs-212-marron/,Kadar
Esmaltes,Esmaltes cuerda seca,Esmalte CS-214 azul oscuro,5.83,https://kadarceramica.com/producto/esmalte-cs-214-azul-oscuro/,Kadar
Esmaltes,Esmaltes cuerda seca,Esmalte CS-216 ultramar,4.6,https://kadarceramica.com/producto/esmalte-cs-216-ultramar/,Kadar
Esmaltes,Esmaltes cuerda seca,Esmalte CS-217 marfil,4.3,https://kadarceramica.com/producto/esmalte-cs-217-marfil/,Kadar
Esmaltes,Esmaltes cuerda seca,Esmalte CS-466 verde andalucía,4.31,https://kadarceramica.com/producto/esmalte-cs-466-verde-andalucia/,Kadar
Esmaltes,Esmaltes cuerda seca,Esmalte CS-476 azul turquesa claro,4.95,https://kadarceramica.com/producto/esmalte-cs-476-azul-turquesa-claro/,Kadar
Esmaltes,Esmaltes cuerda seca,F-4312 negro para la cuerda seca,2.8,https://kadarceramica.com/producto/f-4312-negro-la-cuerda-seca/,Kadar
Esmaltes,Esmaltes de cadmio selenio,Esmalte A 133/N amarillo,5.98,https://kadarceramica.com/producto/esmalte-133n-amarillo/,Kadar
Esmaltes,Esmaltes de cadmio selenio,Esmalte M-7506 ROJO,7.6,https://kadarceramica.com/producto/esmalte-m-7506-rojo/,Kadar
Esmaltes,Esmaltes de cadmio selenio,Esmalte verde VR-99,7.11,https://kadarceramica.com/producto/esmalte-verde-vr-99/,Kadar
Esmaltes,Esmaltes efecto Purpurina,Efecto cobre nº 10,5.55,https://kadarceramica.com/producto/efecto-cobre-no-10/,Kadar
Esmaltes,Esmaltes efecto Purpurina,Esmalte efecto bronce nº 4,5.6,https://kadarceramica.com/producto/esmalte-efecto-bronce/,Kadar
Esmaltes,Esmaltes efecto Purpurina,Esmalte efecto dorado nº 6,7.39,https://kadarceramica.com/producto/esmalte-efecto-dorado-no-6/,Kadar
Esmaltes,Esmaltes efecto Purpurina,Esmalte efecto oro nº 3,7.4,https://kadarceramica.com/producto/6433/,Kadar
Esmaltes,Esmaltes efecto Purpurina,Esmalte efecto plata nº 5,5.9,https://kadarceramica.com/producto/esmalte-efecto-plata-no-5/,Kadar
Esmaltes,Esmaltes en suspensión,CG 707 Verde jade,6.7,https://kadarceramica.com/producto/2296/,Kadar
Esmaltes,Esmaltes en suspensión,CG 713 Verde azulado,6.7,https://kadarceramica.com/producto/cg-713-verde-azulado/,Kadar
Esmaltes,Esmaltes en suspensión,CG 716 Verde jade,6.7,https://kadarceramica.com/producto/2261/,Kadar
Esmaltes,Esmaltes en suspensión,CG 717 Verde orgánico,6.7,https://kadarceramica.com/producto/cg717-esmalte-suspension/,Kadar
Esmaltes,Esmaltes en suspensión,CG 718 Azul claro jaspe verde,6.7,https://kadarceramica.com/producto/cg-718-azul-claro-jaspe-verde/,Kadar
Esmaltes,Esmaltes en suspensión,CG 722 blanco jaspeado en azul,6.7,https://kadarceramica.com/producto/cg-722-blanco-jaspeado-azul/,Kadar
Esmaltes,Esmaltes en suspensión,CG 750 Noel,6.7,https://kadarceramica.com/producto/cg-750-noel/,Kadar
Esmaltes,Esmaltes en suspensión,CG 753 anaranjado jaspe,6.7,https://kadarceramica.com/producto/cg-753-anaranjado-jaspe/,Kadar
Esmaltes,Esmaltes en suspensión,CG 756 rojo anaranjado y verde,6.7,https://kadarceramica.com/producto/cg-756-rojo-anaranjado-verde/,Kadar
Esmaltes,Esmaltes en suspensión,CG 779 Negro y rojo,6.7,https://kadarceramica.com/producto/cg-779-negro-rojo/,Kadar
Esmaltes,Esmaltes en suspensión,CG 780 Azul con jaspe ocre,6.7,https://kadarceramica.com/producto/cg-780-azul-jaspe-ocre/,Kadar
Esmaltes,Esmaltes en suspensión,CG 783 Carmín jaspeado,6.7,https://kadarceramica.com/producto/cg-783-carmin-jaspeado/,Kadar
Esmaltes,Esmaltes Grosso espessore,GE 311 verde oscuro,3.6,https://kadarceramica.com/producto/ge-311-verde-oscuro/,Kadar
Esmaltes,Esmaltes Grosso espessore,GE 400 transparente grosso,3.07,https://kadarceramica.com/producto/ge-400-transparente-grosso/,Kadar
Esmaltes,Esmaltes Grosso espessore,GE 401 amarillo,5.32,https://kadarceramica.com/producto/ge-401-amarillo/,Kadar
Esmaltes,Esmaltes Grosso espessore,GE 404 Burdeos,2.95,https://kadarceramica.com/producto/ge-404-burdeos/,Kadar
Esmaltes,Esmaltes Grosso espessore,GE 407 verde turquesa,4.35,https://kadarceramica.com/producto/ge-407-verde-turquesa/,Kadar
Esmaltes,Esmaltes Grosso espessore,GE 408 aguamarina,4.43,https://kadarceramica.com/producto/ge-408-aguamarina/,Kadar
Esmaltes,Esmaltes Grosso espessore,GE 409 verde petreo,4.68,https://kadarceramica.com/producto/ge-409-verde-petreo/,Kadar
Esmaltes,Esmaltes Grosso espessore,GE 411 azul,5.65,https://kadarceramica.com/producto/ge-411-azul/,Kadar
Esmaltes,Esmaltes metalizados o lustrados,Esmalte N-3303 azul metalizado,6.96,https://kadarceramica.com/producto/esmalte-metalizado-n-3303-azul/,Kadar
Esmaltes,Esmaltes metalizados o lustrados,Esmalte N-3320/M-4 negro metalizado polvo,7.25,https://kadarceramica.com/producto/n-3320m-4-esmalte-negro-metalizado/,Kadar
Esmaltes,Esmaltes metalizados o lustrados,Esmalte N-3335 rojo metalizado,6.56,https://kadarceramica.com/producto/esmalte-n-3335-rojo-metalizado/,Kadar
Esmaltes,Esmaltes opacos de baja temperatura,5880 Esmalte blanco opaco mate,5.2,https://kadarceramica.com/producto/5880-esmalte-blanco-opaco-mate/,Kadar
Esmaltes,Esmaltes opacos de baja temperatura,Blanco antiguo 5894 esmalte sin plomo,4.8,https://kadarceramica.com/producto/esmalte-5894-blanco-antiguo-sin-plomo/,Kadar
Esmaltes,Esmaltes opacos de baja temperatura,Blanco opaco brillante PR-115 sin plomo esmalte,3.85,https://kadarceramica.com/producto/esmalte-blanco-opaco-brillante-pr-115/,Kadar
Esmaltes,Esmaltes opacos de baja temperatura,Blanco opaco brillo craquelé 5895 sin Pb,3.4,https://kadarceramica.com/producto/esmalte-opaco-brillo-craquele-pr-61-d/,Kadar
Esmaltes,Esmaltes opacos de baja temperatura,Blanco opaco mate M-90/11-M esmalte,5.95,https://kadarceramica.com/producto/1991/,Kadar
Esmaltes,Esmaltes opacos de baja temperatura,Blanco siglo XVIII esmalte,6.75,https://kadarceramica.com/producto/esmalte-blanco-opaco-siglo-xviii/,Kadar
Esmaltes,Esmaltes opacos de baja temperatura,Marfil irisado 5859-H esmalte,5.27,https://kadarceramica.com/producto/esmalte-5859-h-marfil-irisado/,Kadar
Esmaltes,Esmaltes opacos de baja temperatura,Negro mate 5294 esmalte,6.4,https://kadarceramica.com/producto/esmalte-polvo-negro-mate/,Kadar
Esmaltes,Esmaltes opacos de baja temperatura,PR-23 Esmalte blanco opaco brillo,4.86,https://kadarceramica.com/producto/pr-23-esmalte-blanco-opaco-brillo/,Kadar
Esmaltes,Esmaltes opacos de baja temperatura,Rosa irisado 5865 esmalte polvo,8.2,https://kadarceramica.com/producto/esmalte-5865-rosa-irisado-polvo/,Kadar
Esmaltes,Esmaltes satinados baja temperatura,Esmalte azul satinado ESJ-12705/5130,6.63,https://kadarceramica.com/producto/esmalte-azul-satinado-esj-127055130/,Kadar
Esmaltes,Esmaltes satinados baja temperatura,Esmalte ESJ-12707/5130 verde claro,5.29,https://kadarceramica.com/producto/esmalte-verde-claro-esj-127075130/,Kadar
Esmaltes,Esmaltes satinados baja temperatura,Esmalte marrón rojizo ESJ-12706/5132,5.75,https://kadarceramica.com/producto/esmalte-marron-claro-rojizo-12706/,Kadar
Esmaltes,Esmaltes satinados baja temperatura,Esmalte negro satinado ESJ-12708 (5136/A) negro,6.3,https://kadarceramica.com/producto/esmalte-negro-satinado-esj-12708-5136a-negro/,Kadar
Esmaltes,Esmaltes satinados baja temperatura,Esmalte satinado CS 60/40,7.79,https://kadarceramica.com/producto/esmalte-satinado-cs-6040/,Kadar
Esmaltes,Esmaltes satinados baja temperatura,Esmalte satinado gris ESJ-12703/5074,6.45,https://kadarceramica.com/producto/esmalte-satinado-gris-esj-127035074/,Kadar
Esmaltes,Transparentes baja temperatura,Bisilicato de plomo ATP-6/1,6.75,https://kadarceramica.com/producto/bisilicato-plomo-atp-61/,Kadar
Esmaltes,Transparentes baja temperatura,CQ-04 transparente craquelé sin plomo,4.29,https://kadarceramica.com/producto/cq-04-transparente-craquele-sin-plomo/,Kadar
Esmaltes,Transparentes baja temperatura,Esmalte 5301 miel,7.2,https://kadarceramica.com/producto/esmalte-5301-miel/,Kadar
Esmaltes,Transparentes baja temperatura,Esmalte 5888 transparente mate,4.45,https://kadarceramica.com/producto/esmalte-5888-transparente-mate/,Kadar
Esmaltes,Transparentes baja temperatura,Esmalte NS-20 Transparente brillo,2.82,https://kadarceramica.com/producto/esmalte-ns-20/,Kadar
Esmaltes,Transparentes baja temperatura,Esmalte PR-500 transparente sin Pb,3.84,https://kadarceramica.com/producto/esmalte-pr-500-transparente/,Kadar
Esmaltes,Transparentes baja temperatura,Esmalte transparente (media Tª) PR-02/M1,3.3,https://kadarceramica.com/producto/1982/,Kadar
Esmaltes,Transparentes baja temperatura,Esmalte transparente boro plumbico C-551,4.17,https://kadarceramica.com/producto/transparente-boro-plumbico-c-551/,Kadar
Esmaltes,Transparentes baja temperatura,Esmalte transparente PR-O,6.64,https://kadarceramica.com/producto/esmalte-transparente-pr/,Kadar
Esmaltes,Transparentes baja temperatura,Frita Alcalina CQ-3,4.15,https://kadarceramica.com/producto/frita-alcalina-cq-3/,Kadar
Esmaltes,Transparentes baja temperatura,Fundente G,5.25,https://kadarceramica.com/producto/fundente-g/,Kadar
Esmaltes,Transparentes baja temperatura,Transparente mate G-1005,5.3,https://kadarceramica.com/producto/transparente-mate-g-1005/,Kadar
Esmaltes,Transparentes baja temperatura,Transparente PR-47,5.85,https://kadarceramica.com/producto/transparente-pr-47/,Kadar
Herramientas,Esgrafiadores,Herramienta para grabar yeso y cerámica,2.56,https://kadarceramica.com/producto/herramienta-grabar-yeso-ceramica/,Kadar
Herramientas,Esgrafiadores,Herramienta para grabar yeso y cerámica,2.56,https://kadarceramica.com/producto/herramienta-grabar-yeso-ceramica-2/,Kadar
Herramientas,Esgrafiadores,Herramienta para grabar yeso y cerámica,2.56,https://kadarceramica.com/producto/herramienta-grabar-yeso-ceramica-3/,Kadar
Herramientas,Esgrafiadores,Herramienta para grabar yeso y cerámica,2.56,https://kadarceramica.com/producto/herramienta-grabar-yeso-ceramica-4/,Kadar
Herramientas,Esgrafiadores,Herramienta para grabar yeso y cerámica,2.77,https://kadarceramica.com/producto/herramienta-grabar-yeso-ceramica-5/,Kadar
Herramientas,Balanza,Balanza digital,73.5,https://kadarceramica.com/producto/balanza-digital/,Kadar
Herramientas,Balanza,Balanza precisión,18.04,https://kadarceramica.com/producto/balanza-precision/,Kadar
Herramientas,herramientas varias,Batidora laboratorio,19.06,https://kadarceramica.com/producto/2025/,Kadar
Herramientas,Compás / Tenazas,Compás MHC 20 CM,9.2,https://kadarceramica.com/producto/compas-mhc-20-cm/,Kadar
Herramientas,Cortador barro,Cortador de barro,1.12,https://kadarceramica.com/producto/cortador-de-barro/,Kadar
Herramientas,herramientas varias,Cuchillo rebarbador,3.86,https://kadarceramica.com/producto/cuchillo-rebarbador/,Kadar
Herramientas,herramientas varias,Estuche herramientas,75.0,https://kadarceramica.com/producto/estuche-herramientas/,Kadar
Herramientas,herramientas varias,Herramienta escultor nº 2,12.97,https://kadarceramica.com/producto/herramienta-escultor-no-2/,Kadar
Herramientas,herramientas varias,Herramienta escultor nº 4,12.97,https://kadarceramica.com/producto/herramienta-escultor-no-4/,Kadar
Herramientas,herramientas varias,Herramienta escultor nº3,14.28,https://kadarceramica.com/producto/herramienta-escultor-no3/,Kadar
Herramientas,herramientas varias,Lengüeta para pegar calcas 6×3 cm,8.4,https://kadarceramica.com/producto/lengueta-pegar-calcas/,Kadar
Herramientas,herramientas varias,Lengüeta para pegar calcas 8.5×3 cm,10.6,https://kadarceramica.com/producto/lengueta-pegar-calcas-2/,Kadar
Herramientas,herramientas varias,Mano de mortero,7.95,https://kadarceramica.com/producto/mano-de-mortero/,Kadar
Herramientas,herramientas varias,Mortero pequeño,12.4,https://kadarceramica.com/producto/2041/,Kadar
Herramientas,Peras y boquillas,Pera goma grande,8.88,https://kadarceramica.com/producto/pera-goma-2/,Kadar
Herramientas,Peras y boquillas,Pera goma mediana,7.35,https://kadarceramica.com/producto/pera-goma/,Kadar
Herramientas,Peras y boquillas,Pera goma pequeña,6.67,https://kadarceramica.com/producto/pera-decoracion/,Kadar
Herramientas,herramientas varias,Pistola extrusora para cerámica,5.61,https://kadarceramica.com/producto/pistola-extrusora-ceramica/,Kadar
Herramientas,herramientas varias,Pulverizador bucal,6.8,https://kadarceramica.com/producto/pulverizador-bucal/,Kadar
Herramientas,herramientas varias,Pulverizador Paintec,46.9,https://kadarceramica.com/producto/pulverizador-paintec/,Kadar
Herramientas,herramientas varias,Punzón,2.54,https://kadarceramica.com/producto/1608/,Kadar
Herramientas,herramientas varias,Repasador de goma para pulir,2.22,https://kadarceramica.com/producto/1110/,Kadar
Herramientas,Rodillo,Rodillo de amasar 45×5 cm,6.34,https://kadarceramica.com/producto/rodillo-amasar-45x5-cm/,Kadar
Herramientas,Rodillo,Rodillo de amasar 70×7 cm,21.75,https://kadarceramica.com/producto/rodillo-amasar-70x7-cm/,Kadar
Herramientas,Rodillo,Rodillo de amasar 70×9 cm,28.85,https://kadarceramica.com/producto/rodillo-amasar-70x9-cm/,Kadar
Herramientas,herramientas varias,Soporte cocer cuentas,30.64,https://kadarceramica.com/producto/2126/,Kadar
Herramientas,Tamiz / Cedazo,Tamiz de metal,21.3,https://kadarceramica.com/producto/tamiz-de-metal/,Kadar
Herramientas,herramientas varias,Tapones llave moldes (50 uds),8.7,https://kadarceramica.com/producto/tapones-llave-moldes/,Kadar
Herramientas,Compás / Tenazas,Tenazas esmaltar con muelle,35.2,https://kadarceramica.com/producto/tenazas-para-esmaltar-2/,Kadar
Herramientas,Compás / Tenazas,Tenazas para esmaltar sin muelle,1.45,https://kadarceramica.com/producto/tenazas-para-esmaltar/,Kadar
Herramientas,Compás / Tenazas,Tenazas para rakú 80cm,23.0,https://kadarceramica.com/producto/1959/,Kadar
Herramientas,herramientas varias,Tiradera media luna rígida/flexible,1.55,https://kadarceramica.com/producto/tiradera-media-luna-rigida-flexible/,Kadar
Herramientas,herramientas varias,Tiradera ovalada rígida o flexible,1.55,https://kadarceramica.com/producto/tiradera-ovalada/,Kadar
Herramientas,herramientas varias,Tiradera rectangular rígida/flexible,1.55,https://kadarceramica.com/producto/tiradera-rectangular-rigida-flexible/,Kadar
Herramientas,herramientas varias,Tiradera riñón rígida/flexible,1.55,https://kadarceramica.com/producto/tiradera-rinon-rigida-flexible/,Kadar
Herramientas,Palillos y espatulas,Juego palillos boj 15 cm,13.5,https://kadarceramica.com/producto/juego-palillos-boj-15-cm/,Kadar
Herramientas,Palillos y espatulas,Juego palillos boj 20 cm,16.65,https://kadarceramica.com/producto/juego-palillos-boj-20-cm/,Kadar
Herramientas,Palillos y espatulas,Palillo modelar boj nº 5,1.38,https://kadarceramica.com/producto/palillo-medelar/,Kadar
Herramientas,Palillos y espatulas,Palillo modelar de madera nº 2,1.45,https://kadarceramica.com/producto/palillo-modelar-madera-2/,Kadar
Herramientas,Palillos y espatulas,Palillo modelar de madera nº 3,1.45,https://kadarceramica.com/producto/palillo-modelar-madera-3/,Kadar
Herramientas,Palillos y espatulas,Palillo modelar de madera nº 4,1.45,https://kadarceramica.com/producto/palillo-modelar-madera-4/,Kadar
Herramientas,Palillos y espatulas,Palillo modelar de madera nº 6,1.45,https://kadarceramica.com/producto/palillo-modelar-madera-6/,Kadar
Herramientas,Palillos y espatulas,Palillo modelar de madera nº 8,1.45,https://kadarceramica.com/producto/palillo-modelar-madera-8/,Kadar
Herramientas,Palillos y espatulas,Palillo modelar de madera nº1,1.8,https://kadarceramica.com/producto/palillo-modelar-madera/,Kadar
Herramientas,Palillos y espatulas,Palillo modelar de madera nº5,1.45,https://kadarceramica.com/producto/palillo-modelar-madera-5/,Kadar
Herramientas,Palillos y espatulas,Palillo modelar de madera º7,1.45,https://kadarceramica.com/producto/palillo-modelar-madera-7/,Kadar
Herramientas,Palillos y espatulas,Palillo modelar madera nº 9,1.45,https://kadarceramica.com/producto/palillo-modelar-madera-no-9/,Kadar
Herramientas,Torneta,Torneta D-18,26.7,https://kadarceramica.com/producto/torneta-d-18/,Kadar
Herramientas,Torneta,Torneta Diámetro 19 de trípode,61.12,https://kadarceramica.com/producto/torneta-diametro-19-tripode/,Kadar
Herramientas,Torneta,Torneta diámetro 24 trípode,71.06,https://kadarceramica.com/producto/torneta-diametro-24-tripode/,Kadar
Herramientas,Torneta,Torneta metal D-30,40.7,https://kadarceramica.com/producto/torneta-metal-d-30/,Kadar
Herramientas,Torneta,Torneta Shimpo D-22,59.6,https://kadarceramica.com/producto/torneta-shimpo-d-22/,Kadar
Herramientas,Torneta,Torneta Shimpo D-25,75.0,https://kadarceramica.com/producto/torneta-shimpo-d-25/,Kadar
Herramientas,Torneta,Torneta sobre mesa D-30,135.0,https://kadarceramica.com/producto/torneta-d-30/,Kadar
Herramientas,Torneta,Torneta Vástago alto D-25,105.0,https://kadarceramica.com/producto/torneta-vastago-alto-d-25/,Kadar
Herramientas,vaciador modelar,Vaciador alambre 5058,2.84,https://kadarceramica.com/producto/vaciador-alambre-0-8-mm/,Kadar
Herramientas,vaciador modelar,Vaciador alambre 5059,2.84,https://kadarceramica.com/producto/vaciador-alambre-5059/,Kadar
Herramientas,vaciador modelar,Vaciador EC 5063,2.84,https://kadarceramica.com/producto/vaciador-ec-5063/,Kadar
Herramientas,vaciador modelar,Vaciador EC-5065,3.04,https://kadarceramica.com/producto/888/,Kadar
Herramientas,vaciador modelar,Vaciador EC-5066,3.04,https://kadarceramica.com/producto/vaciador-ec-5066/,Kadar
Herramientas,vaciador modelar,Vaciador EC-5201,2.85,https://kadarceramica.com/producto/vaciador-ec-5201/,Kadar
Herramientas,vaciador modelar,Vaciador EC-5202,2.77,https://kadarceramica.com/producto/vaciador-alambre-ec-5202/,Kadar
Herramientas,vaciador modelar,Vaciador EC-5206,2.85,https://kadarceramica.com/producto/vaciador-ec-5206/,Kadar
Herramientas,vaciador modelar,Vaciador nº 6 acero fleje,2.6,https://kadarceramica.com/producto/vaciador-no-6-acero-fleje/,Kadar
Herramientas,vaciador modelar,Vaciador palillo 28/01,1.7,https://kadarceramica.com/producto/vaciador-palillo/,Kadar
Herramientas,vaciador retorneador,Retorneador EC-5152,2.4,https://kadarceramica.com/producto/890/,Kadar
Herramientas,vaciador retorneador,Retorneador EC-5153,2.4,https://kadarceramica.com/producto/retorneador-ec-5153/,Kadar
Herramientas,vaciador retorneador,Retorneador EC-5155,2.4,https://kadarceramica.com/producto/retorneador-ec-5155/,Kadar
Herramientas,vaciador retorneador,Retorneador nº 17,8.15,https://kadarceramica.com/producto/retorneador-no-15/,Kadar
Herramientas,vaciador retorneador,Retorneador nº 18,8.15,https://kadarceramica.com/producto/1022/,Kadar
Herramientas,vaciador retorneador,Retorneador vaciador nº 8,6.8,https://kadarceramica.com/producto/retorneador-vaciador-no-8/,Kadar
Herramientas,vaciador retorneador,Vaciador 07,4.65,https://kadarceramica.com/producto/vaciador-07/,Kadar
Herramientas,vaciador retorneador,Vaciador retorneador EC-5151,2.4,https://kadarceramica.com/producto/vaciador-retorneador-ec-5151/,Kadar
Herramientas,vaciador retorneador,Vaciador retorneador EC-5156,2.4,https://kadarceramica.com/producto/vaciador-retorneador-2/,Kadar
Herramientas,vaciador retorneador,Vaciador retorneador EC-5157,2.4,https://kadarceramica.com/producto/vaciador-retorneador-ec-5157/,Kadar
Herramientas,vaciador retorneador,Vaciador retorneador EC-5158,2.4,https://kadarceramica.com/producto/vaciador-retorneador-5158/,Kadar
Herramientas,vaciador retorneador,Vaciador retorneador EC-5159,2.4,https://kadarceramica.com/producto/vaciador-retorneador/,Kadar
Herramientas,vaciador retorneador,Vaciador retorneador nº 09,6.8,https://kadarceramica.com/producto/vaciador-retorneador-4/,Kadar
Herramientas,vaciador retorneador,Vaciador retorneador nº 12,6.4,https://kadarceramica.com/producto/vaciador-retorneador-5/,Kadar
Herramientas,vaciador retorneador,Vaciador retorneador nº EC-5162,2.4,https://kadarceramica.com/producto/vaciador-retorneador-3/,Kadar
Herramientas,vaciador retorneador,Vaciador retorneador nº10,5.7,https://kadarceramica.com/producto/vaciador-retorneador-no10/,Kadar
Herramientas,vaciador retorneador,Vaciador retorneador nº14,6.51,https://kadarceramica.com/producto/vaciador-retorneador-6/,Kadar
Lápices/Tizas cerámicas,Elementos protección,Amarillo limón tiza cerámica,1.12,https://kadarceramica.com/producto/2578/,Kadar
Lápices/Tizas cerámicas,Elementos protección,Amarillo yema tiza cerámica,1.2,https://kadarceramica.com/producto/amarillo-yema-tiza-ceramica/,Kadar
Lápices/Tizas cerámicas,Elementos protección,Azul celeste tiza cerámica,1.12,https://kadarceramica.com/producto/2598/,Kadar
Lápices/Tizas cerámicas,Elementos protección,Azul cobalto tiza cerámica,1.12,https://kadarceramica.com/producto/azul-cobalto-tiza-ceramica/,Kadar
Lápices/Tizas cerámicas,Elementos protección,Azul verde ultramar tiza cerámica,1.12,https://kadarceramica.com/producto/azul-ultramar-tiza-ceramica/,Kadar
Lápices/Tizas cerámicas,Elementos protección,Blanca tiza cerámica,1.12,https://kadarceramica.com/producto/blanca-tiza-ceramica/,Kadar
Lápices/Tizas cerámicas,Elementos protección,Carmín tiza cerámica,1.12,https://kadarceramica.com/producto/2600/,Kadar
Lápices/Tizas cerámicas,Elementos protección,Gris tiza cerámica,1.12,https://kadarceramica.com/producto/gris-tiza-ceramica/,Kadar
Lápices/Tizas cerámicas,Elementos protección,Juego 20 tizas cerámicas,22.55,https://kadarceramica.com/producto/juego-20-tizas-ceramicas/,Kadar
Lápices/Tizas cerámicas,Elementos protección,Lápiz cerámico,14.35,https://kadarceramica.com/producto/1996/,Kadar
Lápices/Tizas cerámicas,Elementos protección,Marrón oscuro tiza cerámica,1.12,https://kadarceramica.com/producto/marron-tiza-ceramica/,Kadar
Lápices/Tizas cerámicas,Elementos protección,Miel ocre tiza cerámica,1.12,https://kadarceramica.com/producto/2608/,Kadar
Lápices/Tizas cerámicas,Elementos protección,Morada tiza cerámica,1.12,https://kadarceramica.com/producto/morada-tiza-ceramica/,Kadar
Lápices/Tizas cerámicas,Elementos protección,Negra tiza cerámica,1.12,https://kadarceramica.com/producto/negra-tiza-ceramica/,Kadar
Lápices/Tizas cerámicas,Elementos protección,Roja tiza cerámica,1.12,https://kadarceramica.com/producto/roja-tiza-ceramica/,Kadar
Lápices/Tizas cerámicas,Elementos protección,Salmón tiza cerámica,1.12,https://kadarceramica.com/producto/salmon-tiza-ceramica/,Kadar
Lápices/Tizas cerámicas,Elementos protección,Verde cromo tiza cerámica,1.12,https://kadarceramica.com/producto/verde-cromo-tiza-ceramica/,Kadar
Lápices/Tizas cerámicas,Elementos protección,Verde victoria tiza cerámica,1.12,https://kadarceramica.com/producto/verde-victoria-tiza-ceramica/,Kadar
Maquinaria,Galleteras (amasadoras),Galletera acero inoxidable NRA-04S SHIMPO,5190.0,https://kadarceramica.com/producto/galletera-acero-inoxidable-nra-04s-shimpo/,Kadar
Horno,Hornos cerámicos,Horno 110 litros benjamín,3845.0,https://kadarceramica.com/producto/3103/,Kadar
Horno,Hornos cerámicos,Horno 34 litros benjamín,2990.0,https://kadarceramica.com/producto/3100/,Kadar
Horno,Hornos cerámicos,Horno 51 litros benjamín,3100.0,https://kadarceramica.com/producto/horno-benjamin-modelo-51-litros/,Kadar
Horno,Hornos cerámicos,Horno 75 litros benjamín,3400.0,https://kadarceramica.com/producto/horno-75-litros-benjamin/,Kadar
Horno,Hornos cerámicos,Horno de gas HGP 120 L Tª 1300ºC,3275.0,https://kadarceramica.com/producto/horno-de-gas-hgp-120-l-ta-1300oc/,Kadar
Horno,Hornos cerámicos,Horno de gas refractario HGP 200 L Tª 1300ºC,3950.0,https://kadarceramica.com/producto/hgp-horno-gas-refractario-200-l-ta-1300oc/,Kadar
Horno,Hornos cerámicos,Pluton 0 Tª1300ºC 23 litros,1620.0,https://kadarceramica.com/producto/pluton-0-23-litros-1300oc/,Kadar
Horno,Hornos cerámicos,Pluton 1 Tª 1300ºC 47 litros,1950.0,https://kadarceramica.com/producto/pluton-4-ta-1300oc-47-litros/,Kadar
Horno,Hornos cerámicos,Pluton 2 Tª1300º 60 litros,2170.0,https://kadarceramica.com/producto/pluton-eco-2-modelo-60-litros-ta-1300oc/,Kadar
Horno,Hornos cerámicos,Pluton 3 Tª 1300ºC 76 litros,2385.0,https://kadarceramica.com/producto/pluton-3-ta-1300-76-litros/,Kadar
Horno,Hornos cerámicos,Pluton 4 Tª 1300ºC 91 litros,2560.0,https://kadarceramica.com/producto/3153/,Kadar
Maquinaria,Laminadoras,Laminadora ISR 400,313.22,https://kadarceramica.com/producto/laminadora-isr-400/,Kadar
Maquinaria,Tornos,Torno RK 3D,1450.0,https://kadarceramica.com/producto/torno-rk-3d/,Kadar
Maquinaria,Tornos,Torno RK-3E,1640.0,https://kadarceramica.com/producto/torno-rk-3e/,Kadar
Maquinaria,Tornos,Torno RK-55 VL litel,840.0,https://kadarceramica.com/producto/torno-vl-litel/,Kadar
Maquinaria,Tornos,Torno RK-5T ASPIRE,535.0,https://kadarceramica.com/producto/torno-rk-5t-aspire-2/,Kadar
Maquinaria,Tornos,Torno RK-5TF ASPIRE con pedal,645.0,https://kadarceramica.com/producto/torno-rk-5t-aspire/,Kadar
Maquinaria,Tornos,Torno Whisper T Shimpo,1200.0,https://kadarceramica.com/producto/torno-wisper-t/,Kadar
Horno,Material de estibado para el horno,Caperuza,2.85,https://kadarceramica.com/producto/caperuza/,Kadar
Horno,Material de estibado para el horno,Cono automantante 01 Tª 1138ºC,1.36,https://kadarceramica.com/producto/cono-automantante-01-ta-1138oc/,Kadar
Horno,Material de estibado para el horno,Cono automantante 07 Tª 987ºC,1.36,https://kadarceramica.com/producto/cono-automantante-07-ta-987oc/,Kadar
Horno,Material de estibado para el horno,Cono automentante 2 Tª 1160ºC,1.36,https://kadarceramica.com/producto/cono-automentante-2-ta-1160oc/,Kadar
Horno,Material de estibado para el horno,Cono automentante 4 Tª 1180,1.36,https://kadarceramica.com/producto/cono-orton-automentante-4-ta-1180/,Kadar
Horno,Material de estibado para el horno,Cono automontante IF 05 Tª 1040ºC,1.36,https://kadarceramica.com/producto/cono-automontante-if-05-ta-1040oc/,Kadar
Horno,Material de estibado para el horno,Cono Orton auto 013 Tª 860,1.36,https://kadarceramica.com/producto/cono-orton-013-ta-860/,Kadar
Horno,Material de estibado para el horno,Cono Orton auto 016 Tª 755ºC,1.36,https://kadarceramica.com/producto/cono-orton-016-ta-755oc/,Kadar
Horno,Material de estibado para el horno,Cono orton auto 05 Tª1040ºC,1.36,https://kadarceramica.com/producto/cono-orton-05-ta1040oc/,Kadar
Horno,Material de estibado para el horno,Cono orton auto 05(1/2) Tª 1020ºC,1.36,https://kadarceramica.com/producto/cono-orton-0512-ta-1020oc/,Kadar
Horno,Material de estibado para el horno,Cono orton auto 05a 1000ºC,1.36,https://kadarceramica.com/producto/cono-orton-05a-1000oc/,Kadar
Horno,Material de estibado para el horno,Cono Orton auto 06 Tª 996ºC,1.36,https://kadarceramica.com/producto/cono-orton-06-ta-996oc/,Kadar
Horno,Material de estibado para el horno,Cono Orton auto 08 Tª 955ºC,1.36,https://kadarceramica.com/producto/cono-orton-08-ta-955oc/,Kadar
Horno,Material de estibado para el horno,Cono Orton auto 09 Tª 925ºC,1.36,https://kadarceramica.com/producto/cono-orton-09-ta-925oc/,Kadar
Horno,Material de estibado para el horno,Cono orton auto 6 Tª 1240ºC,1.36,https://kadarceramica.com/producto/cono-orton-6-ta-1240oc/,Kadar
Horno,Material de estibado para el horno,Cono orton auto 7 Tª 1255ºC,1.36,https://kadarceramica.com/producto/cono-orton-7-ta-1250oc/,Kadar
Horno,Material de estibado para el horno,Cono orton auto 8 Tª 1270ºC,1.36,https://kadarceramica.com/producto/cono-orton-8-ta-1270oc/,Kadar
Horno,Material de estibado para el horno,Cono orton auto 9 Tª 1280ºC,1.36,https://kadarceramica.com/producto/cono-orton-9-ta-1280oc/,Kadar
Horno,Material de estibado para el horno,Cono orton auto Tª 1100ºC,1.36,https://kadarceramica.com/producto/cono-orton-1a-ta-1100oc/,Kadar
Horno,Material de estibado para el horno,Cono orton auto10 Tª 1300 ºC,1.36,https://kadarceramica.com/producto/cono-orton-10-ta-1300-oc/,Kadar
Horno,Material de estibado para el horno,Fibra cerámica,108.24,https://kadarceramica.com/producto/fibra-ceramica/,Kadar
Horno,Material de estibado para el horno,Hilo de Kanthal A-1,2.1,https://kadarceramica.com/producto/hilo-kahthal-1/,Kadar
Horno,Material de estibado para el horno,Ladrillo refractario Tª1400,5.52,https://kadarceramica.com/producto/ladrillo-refractario/,Kadar
Horno,Material de estibado para el horno,Patas de gallo metal diámetro 100,3.86,https://kadarceramica.com/producto/pata-gallo-metal-diametro-100/,Kadar
Horno,Material de estibado para el horno,Patas de gallo metal diámetro 110,3.97,https://kadarceramica.com/producto/patas-gallo-metal-diametro-110/,Kadar
Horno,Material de estibado para el horno,Patas de gallo metal diámetro 40,3.03,https://kadarceramica.com/producto/pata-gallo-metal-diametro-40/,Kadar
Horno,Material de estibado para el horno,Patas de gallo metal diámetro 50,3.1,https://kadarceramica.com/producto/patas-gallo-metal-diametro-50/,Kadar
Horno,Material de estibado para el horno,Patas de gallo metal diámetro 60,3.25,https://kadarceramica.com/producto/patas-gallo-metal-diametro-60/,Kadar
Horno,Material de estibado para el horno,Patas de gallo metal diámetro 80,3.55,https://kadarceramica.com/producto/patas-gallo-metal-diametro/,Kadar
Horno,Material de estibado para el horno,Placa de estibado para el horno,29.21,https://kadarceramica.com/producto/placa-estibado-horno/,Kadar
Horno,Material de estibado para el horno,Soporte gaceta desmontable,1.36,https://kadarceramica.com/producto/969/,Kadar
Horno,Material de estibado para el horno,Tubo soporte de estibado,1.5,https://kadarceramica.com/producto/tubo-soporte-estibado/,Kadar
Materias primas,Óxidos colorantes,Óxido hierro rojo sintético,2.34,https://kadarceramica.com/producto/oxido-hierro-rojo-sintetico-2/,Kadar
Materias primas,Óxidos colorantes,Óxido Níquel Negro,12.53,https://kadarceramica.com/producto/oxido-niquel-negro/,Kadar
Óxidos colorantes,Óxidos colorantes serie Decor,Óxido colorante D-02 salmón,1.85,https://kadarceramica.com/producto/oxido-colorante-d-02-salmon/,Kadar
Óxidos colorantes,Óxidos colorantes serie Decor,Óxido colorante D-04 marrón,2.28,https://kadarceramica.com/producto/oxido-colorante-d-04-marron/,Kadar
Óxidos colorantes,Óxidos colorantes serie Decor,Óxido colorante D-05 Marrón,2.4,https://kadarceramica.com/producto/oxido-colorante-d-05-marron/,Kadar
Óxidos colorantes,Óxidos colorantes serie Decor,Óxido colorante D-06 marrón café,2.85,https://kadarceramica.com/producto/3893/,Kadar
Óxidos colorantes,Óxidos colorantes serie Decor,Óxido colorante D-08 Burdeos,2.89,https://kadarceramica.com/producto/oxido-colorante-d-08-burdeos/,Kadar
Óxidos colorantes,Óxidos colorantes serie Decor,Óxido colorante D-10 lila,9.45,https://kadarceramica.com/producto/oxido-colorante-d-10-lila/,Kadar
Óxidos colorantes,Óxidos colorantes serie Decor,Óxido colorante D-104 lila,8.1,https://kadarceramica.com/producto/oxido-colorante-d-104-lila/,Kadar
Óxidos colorantes,Óxidos colorantes serie Decor,Óxido colorante D-15/N amarillo,2.3,https://kadarceramica.com/producto/oxido-colorante-d-15-amarillo/,Kadar
Óxidos colorantes,Óxidos colorantes serie Decor,Óxido colorante D-21 naranja yema,1.72,https://kadarceramica.com/producto/oxido-colorante-d-21-naranja-ocre/,Kadar
Óxidos colorantes,Óxidos colorantes serie Decor,óxido colorante D-22/N ocre,6.04,https://kadarceramica.com/producto/oxido-colorante-d-22-ocre/,Kadar
Óxidos colorantes,Óxidos colorantes serie Decor,Óxido colorante D-25 gris,8.35,https://kadarceramica.com/producto/3920/,Kadar
Óxidos colorantes,Óxidos colorantes serie Decor,Óxido colorante D-26 azul medio,2.6,https://kadarceramica.com/producto/oxido-colorante-d-26-azul-medio/,Kadar
Óxidos colorantes,Óxidos colorantes serie Decor,Óxido colorante D-27 azul claro,2.23,https://kadarceramica.com/producto/oxido-colorante-d-27-azul-claro/,Kadar
Óxidos colorantes,Óxidos colorantes serie Decor,Óxido colorante D-28/N azul cobalto,3.69,https://kadarceramica.com/producto/oxido-colorante-d-28-cobalto/,Kadar
Óxidos colorantes,Óxidos colorantes serie Decor,Óxido colorante D-29 verde cobre,1.55,https://kadarceramica.com/producto/oxido-colorante-d-29-verde-cobre/,Kadar
Óxidos colorantes,Óxidos colorantes serie Decor,Óxido colorante D-51/N verde claro,3.5,https://kadarceramica.com/producto/oxido-colorante-d-51-n-verde-claro/,Kadar
Óxidos colorantes,Óxidos colorantes serie Decor,Óxido colorante D-52 verde oscuro,1.69,https://kadarceramica.com/producto/oxido-colorante-d-52-verde-oscuro/,Kadar
Óxidos colorantes,Óxidos colorantes serie Decor,Óxido colorante D-57 negro,4.13,https://kadarceramica.com/producto/oxido-colorante-d-57-negro/,Kadar
Óxidos colorantes,Óxidos colorantes serie Decor,Óxido colorante D-60 blanco,3.2,https://kadarceramica.com/producto/oxido-coloranted-60-blanco/,Kadar
Óxidos colorantes,Óxidos colorantes serie Decor,Óxido colorante D-93 rojo,6.9,https://kadarceramica.com/producto/oxido-colorante-d-93-rojo/,Kadar
Óxidos colorantes,Óxidos colorantes serie Decor,Óxido colorante decor 03 beige,1.58,https://kadarceramica.com/producto/oxido-colorante-decor-03-beige/,Kadar
Óxidos colorantes,Óxidos colorantes serie P,Óxido colorante azul celeste 15097,1.85,https://kadarceramica.com/producto/oxido-colorante-azul-celeste-15097/,Kadar
Óxidos colorantes,Óxidos colorantes serie P,Óxido colorante azul claro P-11,1.97,https://kadarceramica.com/producto/oxido-colorante-azul-claro-p-11/,Kadar
Óxidos colorantes,Óxidos colorantes serie P,Óxido colorante azul cobalto P-45/N,6.55,https://kadarceramica.com/producto/oxido-colorante-azul-cobalto-p-45n/,Kadar
Óxidos colorantes,Óxidos colorantes serie P,Óxido colorante azul intenso P-4,8.75,https://kadarceramica.com/producto/1950/,Kadar
Óxidos colorantes,Óxidos colorantes serie P,Óxido colorante azul medio P-134,2.08,https://kadarceramica.com/producto/oxido-colorante-azul-medio-p-134/,Kadar
Óxidos colorantes,Óxidos colorantes serie P,Óxido colorante azul oscuro P-20,5.3,https://kadarceramica.com/producto/oxido-colorante-azul-p-20/,Kadar
Óxidos colorantes,Óxidos colorantes serie P,Óxido colorante azul P-201,3.6,https://kadarceramica.com/producto/oxido-colorante-azul-p-201/,Kadar
Óxidos colorantes,Óxidos colorantes serie P,Óxido colorante carmín P-38,5.05,https://kadarceramica.com/producto/oxido-colarante-carmin-p-38/,Kadar
Óxidos colorantes,Óxidos colorantes serie P,Óxido colorante gris P-35,2.16,https://kadarceramica.com/producto/oxido-colarante-gris-p-35/,Kadar
Óxidos colorantes,Óxidos colorantes serie P,Óxido colorante marrón claro P-18,1.45,https://kadarceramica.com/producto/oxido-colorante-marron-claro-p-18/,Kadar
Óxidos colorantes,Óxidos colorantes serie P,Óxido colorante marrón oscuro OC-11040,2.1,https://kadarceramica.com/producto/oxido-colorante-marron-oscuro-oc-11040/,Kadar
Óxidos colorantes,Óxidos colorantes serie P,Óxido colorante marrón rojizo P-50,1.45,https://kadarceramica.com/producto/oxido-colorante-marron-rojizo-p-50/,Kadar
Óxidos colorantes,Óxidos colorantes serie P,Óxido colorante morado P-324,10.3,https://kadarceramica.com/producto/oxido-colorante-morado-p-324/,Kadar
Óxidos colorantes,Óxidos colorantes serie P,Óxido colorante negro P-55,4.85,https://kadarceramica.com/producto/oxido-colorante-negro-p-55/,Kadar
Óxidos colorantes,Óxidos colorantes serie P,óxido colorante ocre anaranjado P-34,1.95,https://kadarceramica.com/producto/oxido-colorante-ocre-anaranjado-p-34/,Kadar
Óxidos colorantes,Óxidos colorantes serie P,Óxido colorante P 216 Verde,3.28,https://kadarceramica.com/producto/oxido-colorante-p-216-verde/,Kadar
Óxidos colorantes,Óxidos colorantes serie P,Óxido colorante P-12 azul medio,4.17,https://kadarceramica.com/producto/oxido-colorante-p-12-azul-medio/,Kadar
Óxidos colorantes,Óxidos colorantes serie P,Óxido colorante P-15 amarillo,3.1,https://kadarceramica.com/producto/oxido-colorante-p-15-amarillo/,Kadar
Óxidos colorantes,Óxidos colorantes serie P,Óxido colorante P-301/N mandarina,6.76,https://kadarceramica.com/producto/oxido-colorante-p-301-n-mandarina/,Kadar
Óxidos colorantes,Óxidos colorantes serie P,Óxido colorante P-317/N amatista,8.35,https://kadarceramica.com/producto/oxido-colorante-p-317/,Kadar
Óxidos colorantes,Óxidos colorantes serie P,Óxido colorante P-62 ocre rosaceo,2.15,https://kadarceramica.com/producto/oxido-colorante-p-62-ocre-rosaceo/,Kadar
Óxidos colorantes,Óxidos colorantes serie P,Óxido colorante rojo P-189,6.85,https://kadarceramica.com/producto/oxido-colorante-rojo-p-189/,Kadar
Óxidos colorantes,Óxidos colorantes serie P,Óxido colorante rojo P-320,9.54,https://kadarceramica.com/producto/oxido-colorante-rojo-p-320/,Kadar
Óxidos colorantes,Óxidos colorantes serie P,Óxido colorante rosa claro P-191,3.45,https://kadarceramica.com/producto/oxido-colorante/,Kadar
Óxidos colorantes,Óxidos colorantes serie P,Óxido colorante rosa coral P-17,2.07,https://kadarceramica.com/producto/oxido-colorante-rosa-coral-p-17/,Kadar
Óxidos colorantes,Óxidos colorantes serie P,óxido colorante verde cromo P-608,1.75,https://kadarceramica.com/producto/oxido-colorante-verde-cromo-p-608/,Kadar
Óxidos colorantes,Óxidos colorantes serie P,Óxido colorante verde P-152,2.37,https://kadarceramica.com/producto/oxido-colorante-verde-p-152/,Kadar
Óxidos colorantes,Óxidos colorantes serie P,Óxido colorante verde ultramar P-57,4.3,https://kadarceramica.com/producto/oxido-colorante-verde-ultramar-p-57/,Kadar
Óxidos colorantes,Óxidos colorantes serie P,Óxido colorante verde victoria P-28,1.77,https://kadarceramica.com/producto/oxido-colorante-verde-victoria-p-28/,Kadar
Pinceles/Espátulas pintor,Espátula,Espátula pintor,3.41,https://kadarceramica.com/producto/espatula-pintor/,Kadar
Pinceles/Espátulas pintor,Espátula,Espátula pintor,3.41,https://kadarceramica.com/producto/espatula-pintor-2/,Kadar
Pinceles/Espátulas pintor,Pincel,Pincel 10/o,2.46,https://kadarceramica.com/producto/pincel-10o/,Kadar
Pinceles/Espátulas pintor,Pincel,Pincel chino serie huzi,2.89,https://kadarceramica.com/producto/pincel-chino-serie-huzi/,Kadar
Pinceles/Espátulas pintor,Pincel,Pincel doble salida,11.26,https://kadarceramica.com/producto/pincel-doble-salida/,Kadar
Pinceles/Espátulas pintor,Pincel,Pincel paletina HAKE 25 mm,6.65,https://kadarceramica.com/producto/pincel-paletina-hake-25-mm-2/,Kadar
Pinceles/Espátulas pintor,Pincel,Pincel paletina HAKE 50 mm,9.06,https://kadarceramica.com/producto/pincel-paletina-hake-25-mm/,Kadar
Pinceles/Espátulas pintor,Pincel,Pincel paletina HAKE 70 mm,16.15,https://kadarceramica.com/producto/pinceleta/,Kadar
Varios,Elementos protección,Guante anticalórico,7.65,https://kadarceramica.com/producto/1108/,Kadar
Vehículos y aglutinantes,Elementos protección,Desmoldeante W-165,2.0,https://kadarceramica.com/producto/desmoldeante-w-165/,Kadar
Vehículos y aglutinantes,Elementos protección,Goma para pegar calcas,11.47,https://kadarceramica.com/producto/goma-pegar-calcas/,Kadar
Vehículos y aglutinantes,Elementos protección,Monocol V,4.35,https://kadarceramica.com/producto/monocol-v/,Kadar
Vehículos y aglutinantes,Elementos protección,Poliglicol,2.0,https://kadarceramica.com/producto/poliglicol/,Kadar
Vehículos y aglutinantes,Elementos protección,Serifix,1.4,https://kadarceramica.com/producto/serifix/,Kadar
Vehículos y aglutinantes,Elementos protección,Serograf 3º fuego,3.65,https://kadarceramica.com/producto/serograf/,Kadar
Vehículos y aglutinantes,Elementos protección,Seroil CS 71,2.97,https://kadarceramica.com/producto/seroil-cs-71/,Kadar
Vehículos y aglutinantes,Elementos protección,Solución de película para calcas 406/THIX,28.4,https://kadarceramica.com/producto/solucion-pelicula-calcas-406thix/,Kadar
Vehículos y aglutinantes,Elementos protección,Suspensivo líquido,1.8,https://kadarceramica.com/producto/suspensivo-liquido/,Kadar
